subjectid,selfobject,narcissism,machiavelli,psychotic,age,timeonsocialmedia,numselfies,numphotos,photoediting,agerange
677,14,5,4.243401,3.29671,23,25,0,19,1,< 25
612,-7,4.98,4.553017,3.680716,25,71,30,14,3,25-30
510,15,4.96,4.17312,2.249843,27,183,3,1,3,25-30
714,11,4.91,5,4.234628,22,23,3,3,1,< 25
258,-4,4.89,3.753775,3.652515,33,303,1,2,5,31-35
736,1,4.83,4.963267,4.913318,21,46,1,0,1,< 25
746,-8,4.76,2.229559,2.462143,20,287,1,7,1,< 25
208,25,4.72,3.585841,2.626007,34,75,0,10,1,31-35
217,3,4.71,4.690395,4.356485,34,226,0,0,0,31-35
310,-19,4.98,4.00555,4.303344,32,58,0,6,1,31-35
445,8,4.98,4.802729,5,29,67,0,0,1,25-30
633,-11,4.98,3.582029,3.224246,24,250,0,0,1,< 25
745,10,4.98,4.724362,2.425768,20,175,0,0,2,< 25
344,-1,4.960943,4.975,3.58936,31,356,3,5,1,31-35
311,-15,4.912828,4.975,4.828589,32,243,4,5,1,31-35
516,-3,4.892343,2.09724,2.635057,27,103,0,3,1,25-30
477,3,4.833842,2.670643,2.730999,28,11,4,3,2,25-30
793,16,4.760796,2.87127,3.353654,19,223,0,4,1,< 25
29,-5,4.72032,2.989375,2.912288,40,99,0,0,0,35+
770,9,4.716758,2.396094,1.626451,18,43,1,1,0,< 25
476,-2,4.716468,3.452151,2.692436,28,24,3,5,1,25-30
679,3,4.705237,4.975,3.552843,23,112,1,5,1,< 25
795,-6,4.701463,4.181,3.908684,19,104,2,1,3,< 25
764,5,4.691359,2.502586,3.45616,19,346,0,0,2,< 25
347,-9,4.689586,3.638572,3.90573,31,0,0,0,1,31-35
794,-6,4.687148,3.477587,3.705964,19,18,2,0,2,< 25
571,12,4.633129,2.587026,3.492101,26,217,0,0,2,25-30
180,4,4.619163,4.616653,3.664549,35,0,13,17,2,35+
785,0,4.616259,2.798226,2.919337,18,1,2,7,1,< 25
382,2,4.590906,3.073499,2.63739,30,87,1,15,4,31-35
671,-22,4.562813,2.001604,2.831325,23,101,0,2,1,< 25
559,21,4.553563,3.549785,2.744323,26,201,5,10,4,25-30
614,-2,4.550076,3.278091,3.963899,25,0,2,0,1,25-30
449,3,4.549154,1.152685,1.253179,28,80,0,0,1,25-30
30,-17,4.532858,3.441113,2.9955,40,27,1,0,0,35+
787,16,4.516813,3.615361,3.027083,18,298,1,6,1,< 25
798,17,4.496904,4.349226,4.24976,19,191,3,1,0,< 25
474,-19,4.481126,1.988959,2.653487,28,47,0,0,0,25-30
26,-8,4.477782,3.924333,2.779715,40,32,5,3,1,35+
392,-9,4.477436,2.000048,3.114048,30,0,0,0,0,31-35
397,9,4.477169,3.415577,3.850085,30,38,1,0,0,31-35
629,1,4.470436,3.589082,2.809532,24,117,3,0,1,< 25
602,-15,4.446614,3.501178,2.880563,25,1,0,0,0,25-30
22,-20,4.443286,2.308212,2.458005,40,60,0,0,0,35+
393,8,4.43086,4.002829,3.400267,30,94,0,1,5,31-35
108,-17,4.424059,3.577589,2.469079,37,0,0,13,0,35+
680,-4,4.409438,4.099506,3.651776,23,76,0,0,1,< 25
383,0,4.402439,3.301941,2.645406,30,158,3,0,1,31-35
33,1,4.39863,3.009494,3.120649,39,0,1,0,0,35+
85,3,4.393045,3.557494,2.64014,38,367,9,3,1,35+
251,-1,4.388513,2.850392,3.274074,33,0,0,0,0,31-35
38,-9,4.360593,3.106102,3.313338,39,232,0,0,2,35+
249,0,4.359337,4.539383,3.250017,33,43,0,0,1,31-35
185,-14,4.353333,2.799995,4.529962,35,20,6,2,2,35+
174,-4,4.351659,4.975,3.115429,35,44,0,1,3,35+
773,-5,4.34303,2.086091,1.895091,18,31,0,0,0,< 25
303,-2,4.341534,3.830416,3.707373,32,0,0,0,0,31-35
751,14,4.334316,2.754692,3.780592,20,46,0,2,1,< 25
705,-9,4.332882,2.77331,2.692481,22,21,1,0,1,< 25
67,3,4.324173,2.61557,3.106125,39,62,0,6,1,35+
549,-5,4.320603,3.138226,2.406025,26,209,1,3,2,25-30
91,6,4.319133,3.671391,3.45502,38,30,0,0,2,35+
304,3,4.316072,3.937667,3.784173,32,297,0,0,1,31-35
64,1,4.305737,2.813535,2.81008,39,43,0,0,0,35+
634,11,4.30399,3.078261,3.255584,24,147,0,2,2,< 25
611,-25,4.303209,4.327756,3.637721,25,87,2,0,3,25-30
343,9,4.302921,2.569218,3.516956,31,46,1,0,1,31-35
613,16,4.287736,3.717916,3.785708,25,93,0,11,0,25-30
218,-8,4.283044,4.699598,5,34,88,0,2,0,31-35
374,0,4.26576,1.325705,2.243052,30,141,0,0,0,31-35
669,2,4.250582,2.544738,2.627077,23,0,0,0,2,< 25
638,5,4.238487,4.172566,3.394545,24,0,0,0,1,< 25
576,0,4.236072,3.544634,3.71643,26,5,1,2,2,25-30
394,17,4.235074,3.494899,3.575062,30,203,0,0,1,31-35
475,11,4.234302,3.675474,2.663241,28,117,1,0,3,25-30
407,6,4.232928,2.946162,1.589666,29,157,1,0,1,25-30
322,1,4.207144,3.065274,1.846508,31,128,0,0,0,31-35
247,12,4.206868,3.749697,3.124653,33,21,0,1,1,31-35
668,1,4.204969,4.5734,2.617344,23,267,2,3,5,< 25
334,20,4.199336,2.173928,2.679269,31,0,0,9,1,31-35
349,-15,4.183211,4.094668,4.075598,31,94,1,2,0,31-35
111,-3,4.182391,1.428736,2.962109,37,61,6,0,3,35+
719,1,4.181922,1,1.565245,21,325,1,0,2,< 25
442,-6,4.171233,3.984315,3.903954,29,186,3,11,1,25-30
642,1,4.167282,3.356655,3.478927,24,16,0,2,0,< 25
308,-12,4.166195,3.97295,4.200769,32,367,0,2,0,31-35
332,9,4.163955,4.26991,2.497518,31,367,0,0,2,31-35
412,1,4.158719,2.614959,1.998772,29,291,1,0,1,25-30
299,-16,4.14606,3.734352,3.347355,32,46,0,0,2,31-35
305,10,4.143405,3.868054,3.968781,32,56,5,3,4,31-35
81,11,4.132502,3.21805,2.472824,38,0,0,2,0,35+
48,2,4.125408,2.736412,3.850652,39,0,0,1,0,35+
152,7,4.117305,3.976539,3.229255,36,95,0,0,1,35+
153,-2,4.109595,3.239939,3.332677,36,0,0,0,0,35+
360,15,4.109201,2.448843,1.554529,30,37,0,0,0,31-35
408,-9,4.106671,2.022426,1.878609,29,187,0,0,1,25-30
608,2,4.106524,3.243622,3.485646,25,157,5,4,1,25-30
479,-7,4.103915,3.368983,2.806186,28,269,0,4,2,25-30
307,-11,4.099652,3.466018,4.055535,32,84,3,0,1,31-35
27,-8,4.093019,4.176737,2.816212,40,367,2,4,1,35+
661,13,4.090107,2.22134,2.237558,23,91,0,0,3,< 25
581,1,4.08991,4.572244,4.692714,26,0,7,23,0,25-30
605,8,4.088571,2.874528,3.03938,25,88,1,12,1,25-30
441,-9,4.083671,4.00925,3.707903,29,192,5,1,3,25-30
62,-2,4.081464,1.172298,2.641018,39,167,11,7,1,35+
486,-1,4.073984,2.590913,3.294564,28,78,4,11,1,25-30
373,-4,4.0725,2.265279,2.24211,30,37,3,0,1,31-35
79,11,4.052237,3.196678,2.374031,38,264,0,0,2,35+
481,3,4.039869,1.260381,2.971008,28,15,0,0,0,25-30
440,6,4.03839,3.099061,3.682605,29,19,4,4,0,25-30
492,12,4.037381,4.303404,4.011772,28,0,2,8,4,25-30
542,1,4.035256,2.433553,1.770832,26,6,0,0,1,25-30
533,-19,4.034858,3.621335,4.233812,27,100,2,3,1,25-30
416,-8,4.033092,2.874291,2.074278,29,49,2,0,1,25-30
491,3,4.023408,2.660328,3.853673,28,67,0,0,0,25-30
266,1,4.018617,4.813382,4.679646,33,39,0,0,0,31-35
623,16,4.003442,1.229762,2.039199,24,145,0,3,0,< 25
460,17,3.999969,3.219336,2.123666,28,81,0,0,1,25-30
265,12,3.984398,3.187539,4.425533,33,164,0,0,2,31-35
146,17,3.983003,2.721521,3.020041,36,153,3,3,1,35+
674,-11,3.973242,3.64258,3.025172,23,0,1,0,0,< 25
730,-16,3.966924,1.591079,3.31291,21,131,2,0,1,< 25
429,-10,3.954451,3.920064,2.862055,29,7,8,0,3,25-30
46,-15,3.947032,3.58139,3.68985,39,118,0,0,0,35+
193,4,3.944967,1.395503,1.531348,34,44,0,4,1,31-35
213,-8,3.923601,3.410714,3.156783,34,43,3,0,0,31-35
681,1,3.920954,2.317807,3.792787,23,204,0,1,1,< 25
726,-5,3.918509,1.563452,2.202186,21,0,1,10,1,< 25
121,3,3.918082,3.456905,4.362987,37,57,0,0,1,35+
561,-5,3.912941,3.991891,2.999884,26,238,0,0,0,25-30
741,0,3.908872,3.074041,2.231263,20,367,0,0,2,< 25
720,-5,3.908809,2.189441,1.569587,21,43,3,4,2,< 25
749,11,3.90384,3.49928,2.963352,20,114,0,0,0,< 25
300,-14,3.902493,3.732235,3.499221,32,20,0,0,3,31-35
444,-16,3.901878,4.882548,4.614395,29,0,0,0,0,25-30
487,-1,3.900537,2.800119,3.357267,28,95,2,2,1,25-30
178,3,3.892777,3.808021,3.54473,35,0,0,0,1,35+
467,1,3.891894,2.634438,2.43448,28,367,5,20,5,25-30
177,6,3.889716,3.736759,3.50528,35,92,1,9,2,35+
570,-3,3.887203,2.557315,3.443983,26,0,1,2,5,25-30
216,0,3.884628,3.683934,4.037384,34,0,1,3,1,31-35
363,2,3.880973,1,1.676837,30,0,0,0,0,31-35
204,3,3.878342,3.615097,2.364551,34,10,0,1,1,31-35
735,-8,3.877672,4.429506,4.227044,21,54,0,0,0,< 25
711,8,3.8755,2.534923,3.767929,22,143,0,0,0,< 25
255,-8,3.870068,3.303876,3.523063,33,69,6,7,1,31-35
419,19,3.869858,3.054456,2.25713,29,335,0,5,2,25-30
620,-14,3.869799,2.524623,1.592253,24,50,2,9,0,< 25
438,-6,3.86693,4.493946,3.467616,29,256,3,13,2,25-30
480,8,3.85413,2.89433,2.856088,28,49,1,4,1,25-30
446,-2,3.849994,3.500574,5,29,140,3,4,1,25-30
256,-8,3.84772,3.026995,3.572346,33,143,1,0,2,31-35
254,-2,3.845758,3.412843,3.454684,33,0,0,0,1,31-35
263,15,3.844086,3.747435,4.088951,33,56,0,0,0,31-35
443,19,3.842124,3.024173,4.57,29,285,0,0,1,25-30
119,-15,3.839307,2.930507,3.901249,37,367,1,6,1,35+
340,3,3.837199,1.93823,2.970241,31,326,14,4,3,31-35
780,-3,3.833341,2.341874,2.736368,18,85,0,7,5,< 25
331,-1,3.82588,2.709228,2.467727,31,69,0,0,4,31-35
574,2,3.823984,3.384804,3.594767,26,8,0,2,0,25-30
118,-2,3.819346,4.741947,3.6422,37,7,0,1,1,35+
600,13,3.816502,2.622855,2.715463,25,5,1,8,0,25-30
142,-6,3.814261,2.79171,2.790088,36,8,1,1,2,35+
532,1,3.812189,3.079779,3.710863,27,11,3,0,0,25-30
105,8,3.806462,1.765303,2.037496,37,108,0,0,3,35+
301,12,3.790271,1.847751,3.559146,32,50,1,16,1,31-35
616,-9,3.790192,3.714972,4.027815,25,0,0,0,0,25-30
241,-2,3.788792,3.599056,2.808318,33,190,0,3,2,31-35
744,5,3.787948,3.019534,2.36566,20,59,1,0,1,< 25
211,-16,3.783671,3.155161,2.828647,34,3,0,6,1,31-35
469,0,3.783403,3.055099,2.504361,28,27,5,0,0,25-30
800,-11,3.779895,3.953128,5,19,81,1,3,0,< 25
568,-5,3.779438,3.284972,3.282743,26,44,0,0,0,25-30
143,5,3.765369,2.847484,2.881022,36,294,4,1,0,35+
662,-8,3.765366,3.184126,2.304789,23,195,1,1,0,< 25
615,2,3.756946,3.341291,3.98548,25,0,0,0,1,25-30
106,-6,3.755497,2.901654,2.266809,37,49,1,1,0,35+
666,15,3.754003,3.609105,2.473022,23,135,0,0,1,< 25
496,-17,3.735792,1.753691,1.01,27,52,0,0,0,25-30
520,7,3.730088,2.976236,2.809778,27,68,0,0,2,25-30
759,-6,3.723011,1.702663,2.45811,19,41,0,0,0,< 25
685,11,3.718027,1.50349,1.01,22,52,0,0,0,< 25
296,7,3.715629,3.794509,3.113517,32,104,0,5,1,31-35
316,-23,3.714199,1.376707,1.121275,31,5,0,1,0,31-35
558,13,3.707334,2.639754,2.705551,26,134,7,21,1,25-30
778,17,3.704739,1.769131,2.675374,18,100,2,7,0,< 25
179,5,3.691052,3.254915,3.575427,35,367,1,8,4,35+
628,23,3.689258,1.603493,2.713165,24,8,1,1,3,< 25
87,-1,3.682882,3.828776,2.786581,38,108,9,21,2,35+
556,8,3.682272,2.620156,2.662085,26,0,0,2,2,25-30
569,2,3.671177,2.919587,3.368539,26,10,0,0,1,25-30
514,-5,3.67109,2.1844,2.488602,27,179,10,0,1,25-30
176,7,3.666704,2.662678,3.340709,35,31,4,10,1,35+
398,-4,3.65486,3.068159,4.098448,30,124,0,0,5,31-35
246,5,3.644481,2.198305,3.122878,33,5,0,3,1,31-35
493,-21,3.639669,3.764932,4.183151,28,14,0,0,0,25-30
483,5,3.638256,1.783589,3.050951,28,22,0,0,1,25-30
294,-18,3.637829,3.283002,3.069815,32,20,0,0,1,31-35
700,-2,3.635626,2.830143,2.302068,22,36,0,0,3,< 25
540,-5,3.623104,2.131772,1.659366,26,7,0,0,0,25-30
523,-14,3.623068,3.72382,2.865126,27,40,0,0,0,25-30
667,-1,3.620367,2.850582,2.588619,23,55,0,2,2,< 25
646,4,3.615234,3.229906,4.56131,24,212,0,0,1,< 25
423,-4,3.611732,2.416169,2.445425,29,3,0,0,1,25-30
348,9,3.609398,2.778174,3.911122,31,6,0,0,1,31-35
37,-6,3.6061,3.706274,3.300614,39,225,0,2,0,35+
643,-4,3.602761,2.463337,3.608112,24,193,0,4,2,< 25
28,-8,3.592722,3.186699,2.898081,40,13,0,3,1,35+
766,21,3.588621,4.319155,4.242427,19,58,3,17,5,< 25
710,19,3.58836,2.974983,3.632657,22,0,9,20,1,< 25
6,-8,3.588217,3.768775,1.407641,40,39,0,0,3,35+
35,2,3.58794,2.770525,3.176295,39,37,10,5,2,35+
579,0,3.585568,3.897529,4.53487,26,80,5,7,0,25-30
122,-9,3.574786,1.712884,1.01,36,121,3,1,1,35+
434,9,3.570128,4.244972,3.085614,29,54,0,0,1,25-30
323,-15,3.564542,1.954631,1.89102,31,0,3,6,1,31-35
655,12,3.563171,1,1.649849,23,0,0,0,0,< 25
515,20,3.562836,3.058492,2.57491,27,0,0,0,0,25-30
575,4,3.559147,4.975,3.664588,26,362,5,4,2,25-30
413,-8,3.557218,1,2.010403,29,94,4,9,0,25-30
312,-3,3.556312,3.57743,1,31,62,0,0,0,31-35
395,-7,3.544581,3.248223,3.606962,30,219,2,9,3,31-35
495,-19,3.541415,4.395598,4.627442,28,160,1,3,1,25-30
82,5,3.536967,1,2.474809,38,225,0,3,2,35+
758,-3,3.533853,2.078214,2.411188,19,10,0,0,2,< 25
598,-11,3.533143,2.70922,2.27029,25,123,1,0,4,25-30
184,0,3.532311,4.049392,4.251481,35,0,0,0,1,35+
796,-6,3.529175,4.589924,4.124552,19,22,0,0,1,< 25
739,-1,3.526547,1.957477,1.638018,20,0,0,0,0,< 25
117,0,3.52025,2.922164,3.49189,37,19,3,0,2,35+
683,22,3.520147,4.658093,4.172307,23,118,2,1,1,< 25
244,3,3.517971,2.95351,3.054342,33,45,0,0,1,31-35
384,5,3.515795,3.078633,2.672578,30,20,3,0,1,31-35
625,-10,3.503587,1,2.134823,24,45,0,0,1,< 25
160,-11,3.502437,1.059137,1.552495,35,59,11,9,1,35+
89,25,3.501399,2.318453,3.10364,38,0,0,0,1,35+
11,-8,3.500073,1,1.929504,40,76,4,0,0,35+
306,2,3.488044,3.699632,3.995525,32,0,0,0,2,31-35
40,10,3.487052,2.564364,3.319664,39,109,1,8,0,35+
12,-6,3.479675,1.797911,1.969874,40,73,0,0,1,35+
162,-13,3.477684,1.66497,1.921949,35,0,1,0,1,35+
637,3,3.476262,2.72415,3.294849,24,0,0,3,0,< 25
607,4,3.468123,3.531204,3.294796,25,24,1,0,1,25-30
768,-10,3.458405,2.485197,1.392347,18,6,0,2,0,< 25
32,-11,3.457691,3.082839,3.112616,39,141,1,0,0,35+
731,-6,3.457446,2.849319,3.551141,21,254,0,0,0,< 25
639,7,3.455686,3.644933,3.411861,24,0,0,0,1,< 25
338,-1,3.454507,1.496,2.902461,31,18,0,0,0,31-35
149,4,3.44182,1.732224,3.089803,36,198,0,5,1,35+
792,-15,3.44098,2.803844,3.313999,19,39,0,0,1,< 25
622,11,3.440355,2.664662,1.774327,24,214,10,15,1,< 25
351,25,3.436831,3.807946,4.22279,31,0,0,2,2,31-35
743,0,3.435673,2.896329,2.348533,20,0,0,0,2,< 25
183,-10,3.433544,3.932332,4.151695,35,59,1,5,1,35+
324,-14,3.432637,1,1.960856,31,22,0,1,1,31-35
96,7,3.426551,1.261086,1.01,37,82,1,0,1,35+
428,6,3.425422,3.332924,2.683014,29,53,0,0,1,25-30
473,-8,3.42397,2.616096,2.580525,28,72,1,4,2,25-30
233,-13,3.413351,1.993643,2.274804,33,158,3,4,2,31-35
209,-3,3.412825,1.929706,2.787396,34,0,5,5,0,31-35
47,3,3.407897,3.502393,3.812185,39,202,0,0,0,35+
505,17,3.401394,1.229194,1.582815,27,145,0,0,1,25-30
767,-12,3.397386,2.193155,1.061632,18,151,2,2,1,< 25
236,-12,3.392344,1.984515,2.407888,33,53,1,0,0,31-35
15,-10,3.391096,1.634373,2.174358,40,20,0,0,2,35+
45,6,3.39104,3.313421,3.637886,39,0,1,0,2,35+
566,12,3.390535,2.786222,3.197619,26,44,1,0,1,25-30
462,-15,3.387837,1.924922,2.178737,28,90,1,7,3,25-30
799,9,3.384223,4.00807,4.541753,19,41,0,0,0,< 25
237,-12,3.37903,3.09944,2.431808,33,0,0,0,3,31-35
380,-14,3.375924,2.530501,2.526665,30,0,0,0,0,31-35
191,0,3.375914,1.522108,1.243372,34,0,1,0,2,31-35
264,-2,3.375798,4.045251,4.391222,33,172,1,1,0,31-35
631,10,3.372716,2.683829,3.026605,24,0,5,15,0,< 25
717,9,3.372042,1.65704,1.35335,21,172,1,0,3,< 25
527,-4,3.368244,3.631437,3.118892,27,367,1,1,2,25-30
327,-3,3.366823,2.782977,2.180069,31,308,1,0,1,31-35
528,-9,3.365069,2.182322,3.218863,27,0,0,0,4,25-30
350,-15,3.361541,3.312293,4.088793,31,2,0,0,1,31-35
239,-17,3.358464,3.791112,2.737763,33,0,3,8,1,31-35
150,-1,3.35838,3.400675,3.169898,36,0,0,0,1,35+
172,23,3.351896,3.093897,2.627144,35,151,1,0,1,35+
381,-5,3.350956,2.862965,2.594205,30,13,0,0,0,31-35
372,7,3.344206,2.644937,2.141233,30,247,2,5,2,31-35
420,-19,3.336657,1.452247,2.263681,29,38,0,0,0,25-30
252,-19,3.325514,2.153117,3.313399,33,217,0,1,0,31-35
660,-17,3.321016,2.906598,2.210388,23,367,6,3,0,< 25
292,-1,3.314159,1.441374,3.037371,32,0,1,2,2,31-35
103,-10,3.312317,3.010878,1.819212,37,106,0,0,0,35+
226,7,3.311874,1.856595,1.561477,33,24,0,0,1,31-35
352,-9,3.292902,4.151072,4.582202,31,13,0,5,1,31-35
286,-20,3.291839,1.166302,2.544897,32,183,3,4,1,31-35
518,-14,3.288995,1.786424,2.722779,27,63,1,1,2,25-30
708,2,3.285246,2.447079,3.075986,22,0,0,0,0,< 25
424,-10,3.284102,1.40531,2.549962,29,31,3,14,1,25-30
699,2,3.284014,1.641121,2.064581,22,176,0,1,0,< 25
92,2,3.281522,2.436931,3.744339,38,64,0,0,2,35+
141,15,3.278554,4.505669,2.640365,36,0,0,0,0,35+
23,-4,3.273474,1.919756,2.669476,40,8,2,0,1,35+
742,-12,3.264099,1.826655,2.268635,20,28,2,0,1,< 25
399,9,3.262968,2.138746,1.01,29,45,0,11,2,25-30
345,-8,3.259322,3.288537,3.732103,31,6,1,0,0,31-35
212,0,3.256402,2.866193,2.930588,34,48,1,0,1,31-35
489,-3,3.255231,1.543643,3.434407,28,121,3,0,2,25-30
69,-5,3.253398,3.778276,4.278272,39,28,1,3,0,35+
636,1,3.251463,2.07814,3.294118,24,14,3,0,1,< 25
271,-10,3.250941,1.665103,1.22389,32,0,0,0,2,31-35
578,-25,3.250439,2.964752,3.938497,26,117,0,0,0,25-30
789,6,3.247571,3.272448,3.080806,19,206,0,0,2,< 25
691,-10,3.244887,1.586511,1.126892,22,0,0,5,0,< 25
653,3,3.24437,1.246587,1.341943,23,0,0,0,0,< 25
42,-12,3.241453,2.040419,3.417951,39,109,0,0,1,35+
772,-3,3.234683,3.260747,1.879931,18,70,0,1,0,< 25
657,9,3.230226,2.762305,1.931609,23,132,1,0,2,< 25
215,-10,3.229253,2.787052,3.319244,34,60,4,5,1,31-35
411,1,3.225843,2.584675,1.972396,29,28,0,2,1,25-30
170,1,3.225558,1.652085,2.236818,35,6,0,0,3,35+
414,20,3.224578,1.07464,2.046482,29,174,1,1,2,25-30
482,-7,3.224501,2.964151,3.015555,28,124,0,3,1,25-30
701,-9,3.221654,2.767916,2.309163,22,0,3,4,1,< 25
588,-12,3.218336,1.375442,1.137662,25,37,0,0,0,25-30
755,-2,3.208457,3.136403,1.093913,19,230,0,1,2,< 25
140,5,3.202947,1.778725,2.613665,36,4,6,11,1,35+
551,-14,3.198561,1.896132,2.479739,26,0,0,0,0,25-30
116,2,3.197473,3.788469,3.354603,37,67,0,0,0,35+
453,3,3.190784,2.112066,1.69938,28,133,1,11,1,25-30
59,-12,3.182191,2.33191,2.456597,39,156,8,0,2,35+
567,-4,3.180911,3.020111,3.235924,26,26,0,0,0,25-30
182,2,3.176711,2.427022,4.061486,35,122,0,0,1,35+
707,0,3.175527,2.061447,3.003856,22,298,0,0,1,< 25
640,-12,3.172679,2.049205,3.417883,24,15,0,0,0,< 25
248,9,3.171928,1.586507,3.184912,33,129,0,4,0,31-35
529,1,3.167193,3.439177,3.298246,27,65,0,0,0,25-30
295,-8,3.165757,3.671075,3.096661,32,0,0,0,1,31-35
359,-5,3.163928,2.186226,1.244694,30,140,2,9,3,31-35
368,-5,3.16203,1.86114,1.764765,30,54,2,3,2,31-35
457,-2,3.159477,2.435334,1.967911,28,136,3,4,1,25-30
113,3,3.158516,3.084681,3.180018,37,43,0,0,4,35+
709,-4,3.156093,2.262511,3.091988,22,0,0,0,2,< 25
181,-13,3.143015,2.727118,3.901552,35,0,1,2,1,35+
765,-4,3.140931,3.217965,3.718849,19,218,4,11,3,< 25
421,-10,3.139208,2.776689,2.380616,29,40,2,3,1,25-30
788,-3,3.132083,1.945776,3.052137,19,7,0,0,0,< 25
512,-8,3.13207,3.080396,2.38782,27,27,4,40,2,25-30
451,4,3.12721,1.548703,1.489534,28,34,0,5,1,25-30
24,-14,3.122873,3.2853,2.67352,40,31,3,2,1,35+
501,3,3.121392,1.943654,1.160821,27,367,0,0,1,25-30
786,3,3.120759,2.246016,2.998196,18,43,0,0,0,< 25
774,-7,3.118088,3.089637,2.274796,18,6,0,8,1,< 25
145,-20,3.117744,2.459884,2.922099,36,228,1,0,3,35+
386,-11,3.114646,3.661914,2.689189,30,89,6,1,0,31-35
289,-4,3.111137,3.700345,2.782565,32,167,0,0,3,31-35
584,-12,3.111108,1,1.01,25,40,0,0,0,25-30
439,-10,3.109022,3.180345,3.540048,29,356,5,0,0,25-30
135,1,3.10646,2.185893,2.030223,36,277,2,4,0,35+
507,-8,3.104952,1.117816,1.860234,27,0,0,0,0,25-30
644,0,3.103021,3.003512,3.63525,24,66,0,0,0,< 25
262,-10,3.101796,4.004988,4.011517,33,88,1,3,0,31-35
196,-12,3.10006,1.766536,1.959504,34,143,2,1,1,31-35
120,-4,3.099069,3.815829,4.307456,37,26,1,18,0,35+
539,8,3.098615,1.600538,1.617237,26,35,3,0,1,25-30
692,4,3.094806,1.286202,1.207198,22,339,0,0,1,< 25
675,1,3.093002,1,3.276395,23,0,0,0,0,< 25
282,-5,3.092894,2.005268,1.916016,32,81,0,0,2,31-35
713,-8,3.092642,2.88408,3.87171,22,324,1,3,1,< 25
325,-12,3.079066,2.293883,2.032915,31,127,1,5,1,31-35
75,-11,3.078075,2.728116,2.051818,38,0,0,9,2,35+
641,-13,3.075181,2.376742,3.47776,24,10,0,0,2,< 25
737,2,3.075141,1,1.200507,20,55,3,8,1,< 25
405,-17,3.068161,1,1.407774,29,175,0,0,0,25-30
51,-19,3.067436,1.783715,1.095896,39,20,1,1,0,35+
508,-21,3.066194,2.318752,2.01724,27,0,0,0,0,25-30
250,10,3.060795,2.410193,3.268351,33,61,0,1,3,31-35
95,16,3.058153,1.861055,1.01,37,0,0,0,0,35+
214,14,3.05483,4.044083,3.237092,34,0,0,5,1,31-35
659,8,3.045437,2.649135,2.118422,23,64,0,0,1,< 25
760,-14,3.045033,2.928267,2.76507,19,0,0,0,1,< 25
335,16,3.042544,3.359015,2.686581,31,40,1,3,3,31-35
593,6,3.034373,2.069234,1.930303,25,0,1,0,0,25-30
151,-9,3.029716,1.692016,3.180179,36,36,0,0,0,35+
665,-13,3.02899,2.976915,2.464725,23,38,2,0,1,< 25
555,-5,3.027102,2.811093,2.607612,26,65,0,1,2,25-30
93,4,3.026906,4.238779,3.880837,38,113,0,1,3,35+
678,-7,3.024965,2.706343,3.503551,23,49,0,0,0,< 25
229,-1,3.023291,1.133019,1.672221,33,33,0,0,1,31-35
410,-13,3.021251,3.387788,1.946165,29,33,2,0,2,25-30
546,12,3.020376,2.248437,2.217082,26,272,0,0,2,25-30
132,-12,3.01933,1.96129,1.888838,36,138,0,1,1,35+
130,0,3.012167,1.361251,1.465894,36,77,1,0,1,35+
329,0,3.003756,2.838038,2.273739,31,132,0,0,1,31-35
626,10,2.997084,2.880995,2.148821,24,118,0,9,2,< 25
144,14,2.996869,1.984479,2.883939,36,0,0,0,1,35+
782,3,2.996602,2.757507,2.786646,18,137,5,5,0,< 25
427,-5,2.992085,3.083343,2.620556,29,0,0,0,0,25-30
8,-16,2.990493,1.607899,1.431391,40,35,0,3,0,35+
18,-11,2.98015,2.518223,2.374105,40,0,2,0,1,35+
499,-6,2.978507,1.104946,1.126161,27,52,2,10,1,25-30
43,-16,2.977218,1.469505,3.467648,39,34,5,10,0,35+
94,-13,2.976215,3.542598,4.103209,38,4,0,0,0,35+
261,-4,2.975766,3.478716,3.948641,33,0,0,10,3,31-35
530,-6,2.972608,2.607146,3.301363,27,19,0,2,0,25-30
738,-7,2.964972,2.210882,1.379735,20,178,2,3,1,< 25
541,-2,2.964647,3.379056,1.726958,26,240,3,0,1,25-30
645,-2,2.964038,4.478151,4.070136,24,96,4,21,1,< 25
503,-4,2.963547,1.308626,1.534476,27,254,2,5,1,25-30
437,-23,2.96297,2.453909,3.321406,29,0,0,0,0,25-30
676,-6,2.952589,2.111182,3.283868,23,69,2,4,1,< 25
706,-17,2.951902,1.512022,2.835139,22,135,0,0,1,< 25
418,-16,2.950453,2.119815,2.250555,29,32,5,22,0,25-30
415,13,2.949225,1.3211,2.060553,29,0,0,0,1,25-30
712,-1,2.947723,2.876248,3.851209,22,218,3,5,1,< 25
377,-7,2.947371,1.434169,2.410494,30,0,0,0,2,31-35
425,-18,2.944531,2.218822,2.562442,29,22,0,1,0,25-30
777,-19,2.94239,2.167731,2.437066,18,53,0,0,1,< 25
187,-8,2.934618,1.476945,1.01,34,0,0,0,0,31-35
284,-6,2.931923,2.349557,2.240742,32,56,3,3,2,31-35
522,-6,2.924297,3.505767,2.859582,27,69,2,0,0,25-30
609,-6,2.923102,1.404583,3.505285,25,81,1,5,0,25-30
545,-16,2.921775,1.817984,2.145536,26,5,3,3,3,25-30
63,-22,2.912956,1.177989,2.783115,39,0,0,0,0,35+
21,-18,2.906712,1,2.457313,40,54,11,22,1,35+
298,-11,2.901354,3.825901,3.294968,32,110,3,0,0,31-35
202,-17,2.901169,2.377003,2.290493,34,76,0,0,2,31-35
268,3,2.897482,1,1.028095,32,19,0,5,1,31-35
562,-19,2.895863,2.532284,3.009407,26,0,0,13,1,25-30
68,-9,2.894134,2.763231,3.692744,39,0,1,0,1,35+
494,-7,2.891678,2.961178,4.222406,28,229,3,0,1,25-30
404,6,2.887634,1.693702,1.252392,29,49,2,0,3,25-30
603,3,2.88467,1.77719,2.948184,25,8,0,0,0,25-30
564,6,2.882213,2.640656,3.1473,26,68,0,0,1,25-30
729,1,2.879995,2.610818,2.658101,21,0,1,0,1,< 25
573,5,2.877453,2.725474,3.55692,26,147,0,0,1,25-30
485,-8,2.871197,2.826335,3.266431,28,48,1,0,0,25-30
426,-10,2.866753,3.385555,2.605105,29,0,0,1,3,25-30
44,-5,2.866136,3.24204,3.509171,39,87,0,1,4,35+
580,-8,2.85494,4.419957,4.547857,26,84,0,0,1,25-30
513,-25,2.851995,1.80389,2.38971,27,69,1,2,0,25-30
734,-10,2.848597,2.683836,3.870353,21,46,4,10,3,< 25
752,-18,2.847555,2.286344,3.811793,20,344,1,2,1,< 25
36,-13,2.841605,2.970178,3.272149,39,50,0,2,0,35+
601,7,2.838006,3.582856,2.736614,25,11,0,4,0,25-30
406,-9,2.837214,2.21514,1.431264,29,0,3,5,0,25-30
242,-20,2.836251,2.890278,3.014582,33,140,2,3,0,31-35
484,3,2.835237,3.887652,3.202872,28,0,0,5,2,25-30
90,-17,2.832831,2.097388,3.167983,38,4,0,0,1,35+
595,-3,2.830065,2.147464,2.038986,25,0,0,0,1,25-30
650,-9,2.826691,1.509572,1.172501,23,159,1,2,1,< 25
110,-2,2.816306,1,2.797026,37,0,0,0,3,35+
55,-17,2.814476,1.603586,1.937321,39,0,0,1,0,35+
454,18,2.813296,1.178264,1.743781,28,8,2,2,1,25-30
563,-17,2.813069,1.603305,3.078304,26,64,0,2,1,25-30
783,-7,2.811986,1.769888,2.78868,18,0,0,3,1,< 25
763,-7,2.810022,2.494805,3.184262,19,152,1,1,2,< 25
682,5,2.807692,2.312479,3.81518,23,19,0,14,0,< 25
275,-3,2.804232,1.921204,1.542869,32,14,0,0,2,31-35
433,0,2.803669,2.459082,3.072711,29,5,0,8,1,25-30
624,21,2.800166,1,2.117329,24,52,0,0,1,< 25
572,9,2.799363,3.473959,3.553641,26,0,1,1,1,25-30
771,25,2.792754,1.118691,1.814144,18,37,0,7,5,< 25
20,-4,2.791728,2.811546,2.410534,40,11,0,7,0,35+
287,-4,2.784385,2.801574,2.677404,32,35,0,0,0,31-35
725,-4,2.778027,2.436761,2.200694,21,0,0,0,0,< 25
84,2,2.776139,3.134294,2.633936,38,10,0,0,0,35+
722,-7,2.774012,1.032262,1.700054,21,39,0,0,1,< 25
630,-13,2.767167,2.469479,2.867064,24,1,0,0,1,< 25
16,8,2.763118,2.418329,2.238798,40,120,8,2,2,35+
291,-16,2.758507,2.411397,2.823549,32,9,1,1,0,31-35
125,-5,2.756755,1.602691,1.215742,36,0,0,0,1,35+
73,-22,2.756317,1.144694,1.25696,38,48,0,0,1,35+
66,-14,2.746741,3.709224,2.977634,39,26,0,0,0,35+
776,15,2.746247,2.818134,2.367269,18,9,1,8,2,< 25
235,-4,2.745577,1.398831,2.353364,33,5,0,6,0,31-35
168,-12,2.745484,2.045428,2.150676,35,58,0,1,1,35+
158,-1,2.745161,1.654068,1.370638,35,236,2,4,1,35+
83,12,2.744054,2.697099,2.506733,38,0,0,0,1,35+
553,0,2.738528,1.750617,2.573949,26,95,1,9,1,25-30
205,-13,2.731054,3.589058,2.419088,34,70,0,1,1,31-35
577,-10,2.728501,2.254346,3.827179,26,86,4,9,2,25-30
148,-13,2.7275,2.933087,3.067945,36,25,3,2,1,35+
104,-4,2.726894,2.750719,1.821533,37,49,0,0,0,35+
259,-2,2.719169,2.723431,3.740505,33,32,2,5,1,31-35
753,-6,2.718635,2.304201,4.055245,20,129,0,0,1,< 25
281,-3,2.711613,2.191732,1.914403,32,101,0,2,0,31-35
506,2,2.708913,2.205966,1.596378,27,321,2,9,1,25-30
488,-15,2.695844,4.134369,3.413765,28,0,0,0,1,25-30
285,14,2.690706,2.650826,2.381165,32,0,0,0,0,31-35
367,-14,2.687732,1,1.72537,30,48,0,2,1,31-35
353,-16,2.681522,1,1.01,30,28,2,0,0,31-35
234,-2,2.680691,2.398281,2.344221,33,20,0,0,0,31-35
651,-14,2.680269,2.337364,1.179991,23,0,0,0,0,< 25
227,-4,2.678762,2.43225,1.608263,33,22,0,0,1,31-35
652,-3,2.673562,1.649308,1.206775,23,237,0,0,2,< 25
318,-5,2.67141,3.715973,1.506259,31,84,0,1,0,31-35
194,-12,2.666385,1,1.62106,34,0,0,0,0,31-35
7,-10,2.66217,1,1.410484,40,10,1,4,1,35+
592,14,2.661821,1.464796,1.822119,25,70,0,0,2,25-30
206,17,2.661249,2.883799,2.477099,34,75,1,3,1,31-35
436,6,2.656756,2.767178,3.230002,29,170,2,3,1,25-30
502,-15,2.655806,1.896518,1.310869,27,0,0,0,0,25-30
371,-4,2.654845,4.020696,2.001153,30,47,0,0,0,31-35
672,14,2.652459,2.018119,2.917427,23,17,0,7,2,< 25
169,-11,2.65002,2.444706,2.169089,35,59,0,2,0,35+
779,9,2.649332,2.095377,2.686765,18,41,0,0,1,< 25
455,-3,2.649046,3.268796,1.751653,28,309,0,0,0,25-30
664,-4,2.647358,1,2.45284,23,94,0,0,1,< 25
139,-18,2.636027,1.892803,2.536545,36,54,0,0,0,35+
288,-6,2.635589,2.17047,2.683998,32,9,0,8,0,31-35
333,-5,2.634438,1.483968,2.638379,31,288,1,0,1,31-35
154,8,2.634339,3.625799,4.161704,36,2,0,0,1,35+
231,17,2.631452,1,1.813097,33,0,2,4,0,31-35
509,-19,2.630087,2.468616,2.14184,27,205,10,6,1,25-30
198,-13,2.627385,2.523728,2.024206,34,0,0,0,0,31-35
5,-22,2.621885,1.000454,1.310778,40,36,1,0,1,35+
606,-25,2.619169,2.200198,3.178222,25,264,0,0,0,25-30
704,-11,2.618245,1.745948,2.635186,22,33,1,1,2,< 25
364,-5,2.615243,1,1.678474,30,81,2,1,0,31-35
341,-4,2.613991,2.897107,3.308455,31,0,0,0,1,31-35
635,0,2.613252,2.24593,3.285182,24,120,6,2,2,< 25
591,4,2.612456,1.839863,1.78624,25,29,1,0,0,25-30
721,6,2.607945,2.017184,1.577098,21,0,4,3,2,< 25
750,-20,2.60793,2.615768,3.555546,20,62,0,4,1,< 25
128,-13,2.604115,1.392643,1.302924,36,45,0,0,0,35+
684,-15,2.597843,2.456057,1.01,22,107,1,7,1,< 25
459,6,2.581502,2.919124,2.051798,28,61,0,0,0,25-30
400,11,2.581147,1.35782,1.01,29,133,0,2,1,25-30
355,-11,2.57757,1,1.057084,30,62,0,0,0,31-35
552,-20,2.574305,1.423171,2.529722,26,5,0,0,0,25-30
88,-1,2.573268,1.869203,2.801078,38,86,0,0,1,35+
56,-8,2.571842,3.299853,2.095545,39,40,0,11,0,35+
587,0,2.568458,1.491574,1.063441,25,216,0,2,2,25-30
594,-25,2.561548,1.676813,1.937447,25,102,0,0,0,25-30
375,0,2.558682,2.172258,2.355854,30,91,2,0,1,31-35
604,-17,2.558511,2.641656,2.995838,25,104,0,1,0,25-30
435,-2,2.557702,2.848479,3.128359,29,316,1,2,0,25-30
617,0,2.556976,1.518248,1.01,24,60,0,10,1,< 25
80,-19,2.549061,2.751394,2.429227,38,0,0,0,0,35+
389,-3,2.535841,2.322108,2.978887,30,217,2,9,0,31-35
534,-6,2.530471,1.384872,1.01,26,0,0,0,0,25-30
273,-12,2.530092,2.027772,1.442499,32,0,0,0,0,31-35
223,-9,2.529947,1.49238,1.117446,33,0,0,1,0,31-35
86,-14,2.520471,2.67929,2.696833,38,0,0,1,0,35+
112,-17,2.520308,1.968428,3.098412,37,22,0,0,0,35+
472,-18,2.518928,1,2.566414,28,31,0,3,0,25-30
452,-2,2.514745,1.807871,1.552639,28,258,0,0,1,25-30
221,10,2.506533,1,1.033253,33,0,0,0,0,31-35
597,-19,2.502111,2.325262,2.243854,25,367,0,0,0,25-30
365,-1,2.497469,1,1.683095,30,64,0,0,1,31-35
390,9,2.497457,2.902911,3.011194,30,2,3,0,3,31-35
718,0,2.491182,2.081874,1.482962,21,0,1,2,1,< 25
401,0,2.490621,1,1.01,29,74,3,0,2,25-30
358,0,2.490242,1.407319,1.224765,30,147,0,1,2,31-35
74,-5,2.485761,2.118245,1.745488,38,23,0,0,1,35+
585,4,2.48486,1,1.01,25,52,2,0,1,25-30
550,-2,2.483847,1.444342,2.426109,26,109,10,3,4,25-30
147,1,2.480033,1.806002,3.041296,36,6,0,0,2,35+
422,-5,2.477953,2.187436,2.388384,29,18,0,0,0,25-30
257,2,2.477395,3.095834,3.602583,33,17,3,0,0,31-35
171,-10,2.476785,1.309838,2.574244,35,0,0,0,1,35+
376,-1,2.47194,3.114962,2.387618,30,49,0,0,1,31-35
618,-9,2.471818,1.270357,1.387389,24,7,0,1,0,< 25
243,-20,2.470567,2.957891,3.021673,33,0,0,0,1,31-35
225,-20,2.470547,1.677471,1.533124,33,35,0,0,0,31-35
430,-19,2.465127,3.049116,2.878627,29,0,0,0,2,25-30
391,-8,2.463396,2.694754,3.083152,30,42,7,2,2,31-35
790,-15,2.460642,2.203249,3.08122,19,92,0,0,1,< 25
654,-15,2.460116,2.22347,1.516494,23,192,0,13,2,< 25
784,-7,2.452021,1.930861,2.789646,18,144,0,0,1,< 25
727,-21,2.441578,3.008226,2.209023,21,114,2,0,0,< 25
134,-9,2.43873,2.086718,2.025391,36,120,3,2,1,35+
526,-20,2.431652,3.881693,3.107602,27,0,0,5,0,25-30
155,-8,2.427166,1,1.01,35,9,0,0,0,35+
133,2,2.416329,2.35999,1.99103,36,0,5,0,0,35+
107,10,2.415757,2.681652,2.379909,37,123,0,0,2,35+
319,8,2.413959,2.106941,1.637344,31,30,2,5,1,31-35
186,4,2.41104,2.192059,1.01,34,0,0,0,2,31-35
175,6,2.405712,2.613247,3.313309,35,42,0,10,1,35+
290,-23,2.405335,2.715692,2.813042,32,120,1,0,0,31-35
388,-4,2.401241,3.363031,2.808403,30,0,5,17,3,31-35
328,-6,2.396643,2.378867,2.198091,31,0,0,0,1,31-35
278,-9,2.390465,2.810276,1.736286,32,89,2,14,1,31-35
207,-5,2.387365,1,2.535949,34,0,1,0,0,31-35
762,-2,2.386788,3.191352,3.131687,19,295,5,0,0,< 25
498,-2,2.386781,1,1.054744,27,0,0,0,0,25-30
336,-4,2.381904,1.85422,2.811612,31,153,0,5,0,31-35
366,3,2.374328,2.043,1.71698,30,43,6,2,3,31-35
317,1,2.373862,2.424765,1.148974,31,85,1,0,0,31-35
458,-23,2.358214,2.620319,2.042772,28,0,0,1,2,25-30
687,-6,2.357865,1,1.01,22,58,1,0,0,< 25
610,-25,2.348774,2.761458,3.531311,25,3,4,16,0,25-30
337,-21,2.345514,1.797214,2.846556,31,82,0,0,0,31-35
732,-22,2.343382,3.443819,3.552401,21,206,2,5,1,< 25
461,5,2.341912,2.456737,2.168322,28,64,0,6,1,25-30
115,-14,2.340377,2.062902,3.289169,37,0,0,0,0,35+
670,-2,2.336873,2.895418,2.702801,23,106,0,0,1,< 25
432,-20,2.330859,2.251964,3.042504,29,0,0,0,0,25-30
297,-16,2.330421,2.308252,3.283368,32,283,0,0,1,31-35
109,20,2.32242,3.334167,2.597144,37,50,1,0,1,35+
41,-23,2.320175,3.24593,3.340745,39,0,0,0,1,35+
315,3,2.319197,1,1.050091,31,0,0,0,0,31-35
519,-8,2.308911,2.053948,2.722855,27,148,0,0,0,25-30
19,13,2.306085,2.479469,2.40595,40,25,0,3,0,35+
698,0,2.303957,1.827058,1.922249,22,90,0,0,2,< 25
696,20,2.303753,1.753208,1.726682,22,63,2,2,0,< 25
775,0,2.30122,2.399259,2.341111,18,40,0,0,2,< 25
431,-11,2.298833,2.671261,2.951213,29,67,0,0,1,25-30
78,-6,2.298106,3.101607,2.367634,38,0,2,0,1,35+
39,-12,2.296581,2.871808,3.313713,39,0,3,1,1,35+
270,6,2.292639,1.284233,1.21089,32,0,0,0,1,31-35
272,-4,2.285774,1.950788,1.415885,32,41,0,0,1,31-35
129,-4,2.284384,1,1.358863,36,126,0,4,1,35+
470,-8,2.28354,1.408428,2.516767,28,211,0,10,1,25-30
409,0,2.277704,1.431981,1.879284,29,0,0,0,2,25-30
538,-15,2.270861,2.846374,1.422343,26,24,0,0,0,25-30
663,-8,2.265651,3.382998,2.410561,23,299,0,0,1,< 25
557,-14,2.261521,1.751943,2.667506,26,97,0,2,3,25-30
190,-17,2.257161,1.620061,1.168505,34,0,0,0,0,31-35
537,-10,2.255379,1.529027,1.054956,26,45,0,0,1,25-30
276,0,2.25435,2.866606,1.617914,32,261,0,4,1,31-35
596,-14,2.248766,2.314629,2.230451,25,136,0,6,0,25-30
417,2,2.248202,2.025041,2.110229,29,112,0,0,0,25-30
396,-12,2.243903,2.649475,3.797952,30,39,0,0,1,31-35
694,5,2.243896,1.555874,1.506546,22,46,0,0,1,< 25
321,-7,2.233315,1,1.793325,31,22,2,0,0,31-35
138,-9,2.226762,2.802558,2.506874,36,122,0,0,0,35+
448,-20,2.224413,1,1.01,28,15,0,2,0,25-30
402,1,2.192297,1,1.082973,29,50,0,0,0,25-30
260,-14,2.190504,2.227374,3.798288,33,286,0,4,1,31-35
544,6,2.182443,1.203295,1.916831,26,75,3,5,0,25-30
70,-9,2.179534,1.012432,1.01,38,94,0,0,1,35+
761,-2,2.176995,2.37285,2.872148,19,0,2,7,1,< 25
547,-6,2.171985,1.927679,2.254586,26,0,0,0,0,25-30
163,-12,2.167652,1.466213,1.936386,35,43,0,1,0,35+
240,-9,2.164655,2.150477,2.744165,33,35,0,0,0,31-35
769,-3,2.163976,1,1.402198,18,152,5,1,5,< 25
339,-10,2.16277,1.945665,2.920909,31,45,0,0,0,31-35
647,-9,2.158038,1.285968,1.01,23,28,0,0,1,< 25
131,-11,2.147109,2.025369,1.497652,36,93,0,0,1,35+
686,0,2.146585,1.224685,1.01,22,42,1,4,2,< 25
465,-13,2.143096,1.639819,2.393883,28,73,0,0,0,25-30
114,-14,2.134713,1.308881,3.23011,37,31,1,0,1,35+
279,-17,2.130878,1,1.74145,32,0,0,2,1,31-35
369,-17,2.121072,2.38988,1.812327,30,119,4,9,1,31-35
197,-20,2.107862,1,1.971041,34,19,0,0,0,31-35
583,1,2.104889,1.036934,1.01,25,33,0,0,0,25-30
31,-1,2.102983,2.007495,3.002117,40,0,5,21,1,35+
283,-5,2.098549,2.354129,2.205766,32,53,0,0,0,31-35
354,0,2.095735,1,1.01,30,236,0,6,2,31-35
97,-3,2.095476,1.041938,1.01,37,104,1,0,0,35+
463,-4,2.094585,1.020472,2.20484,28,0,10,20,1,25-30
52,-23,2.089619,1,1.224908,39,4,0,0,1,35+
478,-20,2.08282,2.52783,2.804886,28,5,1,5,0,25-30
159,8,2.071952,1,1.450159,35,93,1,0,1,35+
2,-11,2.07117,1.190073,1.01,40,70,0,4,1,35+
548,-25,2.070479,1.32663,2.347891,26,0,0,0,0,25-30
137,-16,2.06879,2.743705,2.445606,36,29,0,0,1,35+
330,-17,2.064721,1.557952,2.371767,31,0,0,0,0,31-35
280,-3,2.063585,2.033495,1.879528,32,151,2,3,1,31-35
164,-9,2.062221,1,1.946483,35,0,0,11,0,35+
167,-3,2.060808,1.22044,2.132045,35,0,0,0,0,35+
245,-2,2.060399,3.778333,3.120998,33,0,0,0,0,31-35
199,6,2.058926,1,2.104236,34,101,5,5,1,31-35
511,21,2.058728,2.043144,2.292919,27,155,1,0,0,25-30
65,-22,2.058061,2.893892,2.930549,39,53,0,0,1,35+
756,-20,2.057459,2.032389,1.426958,19,127,0,0,1,< 25
723,-15,2.055358,1.509107,1.851961,21,44,0,0,0,< 25
560,-16,2.054737,2.378233,2.957913,26,24,0,0,0,25-30
586,-10,2.041825,1,1.01,25,59,1,3,2,25-30
517,16,2.039528,2.20272,2.709183,27,84,0,0,1,25-30
715,-8,2.032835,1,1.01,21,50,0,0,0,< 25
195,8,2.032146,1.597649,1.863035,34,154,0,3,3,31-35
157,-11,2.028235,1.132841,1.152273,35,235,2,4,1,35+
464,-17,2.026848,3.206455,2.330195,28,0,0,0,0,25-30
309,-17,2.018894,4.132469,4.281187,32,47,0,0,1,31-35
362,-16,2.018384,1.65004,1.645127,30,317,1,0,3,31-35
632,-9,2.011342,2.507311,3.218885,24,47,0,0,1,< 25
57,-3,2.010839,1.149317,2.128707,39,20,0,0,0,35+
49,-22,2.006312,2.881377,4.090519,39,0,0,0,0,35+
716,4,1.998151,2.48271,1.226424,21,0,3,8,1,< 25
385,-3,1.995025,1.706709,2.682388,30,0,0,0,1,31-35
356,-7,1.993647,1,1.083521,30,0,4,6,1,31-35
346,-20,1.993181,2.10544,3.748133,31,19,0,0,0,31-35
525,-4,1.990695,1.95413,3.096293,27,0,0,0,0,25-30
201,-16,1.989203,1.961175,2.288928,34,0,3,7,3,31-35
222,-6,1.986714,1,1.087029,33,223,0,0,2,31-35
599,-4,1.981065,2.099942,2.489387,25,0,0,0,0,25-30
379,-17,1.9808,2.428817,2.509167,30,0,2,15,0,31-35
10,-17,1.978728,1.717947,1.523362,40,61,0,0,0,35+
697,-18,1.976822,1,1.781214,22,0,0,0,1,< 25
60,-18,1.969972,2.437678,2.579921,39,5,0,1,0,35+
3,-1,1.96237,1.576688,1.019869,40,27,1,11,1,35+
4,-18,1.956616,1,1.251098,40,322,0,4,0,35+
203,-5,1.942333,1.95683,2.350773,34,58,1,8,2,31-35
466,-21,1.942113,1,2.430572,28,83,2,2,0,25-30
747,-2,1.920135,3.612474,2.64956,20,171,3,8,1,< 25
274,-6,1.919484,1.33463,1.498217,32,2,0,0,0,31-35
127,14,1.918183,1,1.253384,36,39,2,3,1,35+
161,-8,1.917598,1,1.736922,35,47,8,1,3,35+
1,2,1.888784,1.416295,1.01,40,317,0,0,1,35+
357,-2,1.884812,1.469363,1.114378,30,2,0,6,0,31-35
370,-9,1.878352,1.802219,1.909049,30,36,0,0,1,31-35
728,12,1.857621,2.561847,2.345177,21,225,0,1,2,< 25
791,-11,1.856258,4.037172,3.114212,19,4,1,5,0,< 25
565,-9,1.856226,1,3.168963,26,52,0,9,2,25-30
293,-11,1.825976,3.212499,3.059546,32,111,0,0,2,31-35
192,-12,1.824175,1.057444,1.471905,34,154,0,0,1,31-35
536,8,1.816179,1,1.01,26,196,1,1,0,25-30
230,-9,1.815264,1.608001,1.735095,33,0,0,0,1,31-35
210,-3,1.813568,3.019875,2.82751,34,131,0,3,1,31-35
219,-5,1.810393,1,1.01,33,64,1,3,1,31-35
748,18,1.809593,1.733045,2.690711,20,347,3,6,1,< 25
253,-13,1.801051,2.381519,3.424933,33,293,1,0,0,31-35
100,2,1.787385,1,1.354449,37,71,1,0,0,35+
582,-15,1.786115,1.954098,1.01,25,0,0,0,1,25-30
504,-15,1.772099,1.271336,1.561053,27,0,0,0,1,25-30
53,-14,1.770862,1.954314,1.621344,39,0,2,13,0,35+
13,-20,1.768114,1.91243,2.008838,40,0,0,0,1,35+
173,2,1.749886,2.495067,2.775254,35,367,0,3,0,35+
101,-3,1.739735,1,1.374825,37,97,2,0,2,35+
25,-7,1.737921,2.320784,2.69871,40,0,0,6,2,35+
521,-9,1.72939,1.786032,2.828327,27,40,0,0,0,25-30
387,0,1.702705,3.42778,2.770521,30,0,0,0,0,31-35
619,-1,1.695987,3.007948,1.574183,24,50,0,0,0,< 25
342,-5,1.666163,1.754521,3.340121,31,0,0,0,0,31-35
61,-22,1.664435,2.151082,2.610986,39,0,0,4,1,35+
14,-1,1.663723,3.286736,2.056107,40,25,0,7,0,35+
34,-9,1.663297,2.892533,3.141893,39,22,0,5,2,35+
627,-19,1.662952,1.658684,2.626895,24,0,2,2,1,< 25
200,7,1.649837,1,2.173914,34,0,0,0,0,31-35
50,-21,1.642553,1,1.01,39,57,1,7,0,35+
277,5,1.639512,1.247801,1.6417,32,11,1,0,4,31-35
232,-12,1.632932,2.316902,1.96671,33,296,0,0,1,31-35
673,-3,1.62644,1.234699,2.926394,23,367,0,0,1,< 25
403,-9,1.624574,1,1.094875,29,95,0,0,1,25-30
54,1,1.606882,1.463765,1.738089,39,110,0,1,0,35+
649,-13,1.596268,1,1.01,23,0,0,2,3,< 25
754,0,1.586608,1,1.01,19,242,0,0,1,< 25
188,1,1.578436,1,1.01,34,0,0,0,0,31-35
267,-7,1.564165,1,1.01,32,0,2,10,0,31-35
733,2,1.56026,3.484049,3.681282,21,107,0,3,2,< 25
490,-23,1.558057,1.525404,3.523052,28,258,0,0,1,25-30
72,-13,1.557584,1,1.20973,38,0,0,0,0,35+
724,-12,1.557134,1.369615,2.174773,21,58,0,0,2,< 25
797,-7,1.547378,3.045039,4.233311,19,0,0,0,1,< 25
589,-7,1.544974,1.953625,1.292409,25,153,0,2,1,25-30
98,-12,1.536092,1.676677,1.032633,37,105,0,3,1,35+
658,-1,1.527697,1.034468,1.938596,23,22,0,18,1,< 25
621,-1,1.514119,1,1.682341,24,0,0,4,1,< 25
136,-6,1.510923,3.439484,2.149325,36,199,2,0,2,35+
313,12,1.504156,1,1.01,31,40,0,11,0,31-35
361,-12,1.50127,1.893937,1.577534,30,16,0,3,0,31-35
326,-18,1.461591,1,2.045602,31,1,0,0,0,31-35
531,-2,1.448307,2.673519,3.439399,27,185,1,7,2,25-30
703,-1,1.435333,1.630948,2.528942,22,0,0,0,0,< 25
238,14,1.429655,2.467085,2.639116,33,31,0,5,1,31-35
76,-3,1.408208,1.355525,2.100691,38,35,14,2,1,35+
740,-2,1.401923,3.514445,1.976929,20,84,0,1,0,< 25
302,-7,1.389371,2.614638,3.581936,32,0,0,0,0,31-35
314,0,1.387854,1,1.01,31,14,2,1,0,31-35
228,-15,1.381656,1,1.671896,33,11,0,0,1,31-35
693,0,1.365653,2.272454,1.271045,22,1,0,0,1,< 25
690,-5,1.334539,1,1.097029,22,10,0,0,2,< 25
166,-16,1.324994,1.174951,2.094903,35,0,0,0,0,35+
471,-19,1.32,1.519226,2.550933,28,0,0,6,0,25-30
378,0,1.316565,1,2.490817,30,0,0,0,1,31-35
99,-2,1.314378,1.067375,1.137118,37,0,0,7,0,35+
497,-21,1.31,1,1.01,27,288,0,0,0,25-30
269,-7,1.294453,1,1.055468,32,76,0,0,1,31-35
9,-11,1.29137,1.033644,1.512569,40,0,0,6,0,35+
590,-10,1.29073,1,1.694438,25,0,3,0,0,25-30
500,-20,1.29,1,1.145619,27,40,0,0,0,25-30
656,-8,1.260515,1,1.91857,23,126,0,0,2,< 25
320,11,1.240328,1,1.724986,31,8,0,0,0,31-35
524,-7,1.24,1.391811,2.906285,27,0,0,0,0,25-30
543,-6,1.24,1,1.85519,26,0,0,0,1,25-30
126,0,1.239025,1,1.236734,36,61,0,0,0,35+
468,0,1.230282,2.579208,2.448682,28,0,0,0,0,25-30
781,2,1.211428,1.88846,2.776558,18,150,2,5,1,< 25
688,-13,1.19219,1,1.01,22,76,0,6,1,< 25
17,-4,1.19,3.067657,2.373121,40,0,5,15,2,35+
689,0,1.19,1,1.01,22,73,0,0,1,< 25
456,-20,1.14,1.616198,1.798548,28,224,2,10,0,25-30
535,-20,1.139506,1.266639,1.01,26,107,0,0,3,25-30
702,14,1.137045,2.117739,2.387296,22,223,3,8,1,< 25
648,-23,1.135187,1.244376,1.01,23,94,6,0,2,< 25
77,-14,1.131789,1.81537,2.328815,38,7,0,4,0,35+
450,0,1.13,1,1.325589,28,164,1,9,0,25-30
447,-4,1.104817,2.84436,1.01,28,0,0,0,1,25-30
554,-15,1.052456,2.414335,2.6009,26,161,3,13,0,25-30
189,-2,1.05,1,1.025375,34,0,1,0,1,31-35
102,-13,1.042502,1,1.57933,37,51,0,0,0,35+
757,-16,1.04,2.249503,2.269836,19,184,0,0,0,< 25
224,-4,1.034579,1,1.337752,33,0,1,0,0,31-35
695,-17,1.03,1.847737,1.695159,22,70,0,2,0,< 25
58,-6,1,1,2.381767,39,39,0,0,1,35+
71,-12,1,1,1.01,38,0,0,0,0,35+
123,-7,1,1,1.01,36,19,0,4,0,35+
124,-12,1,1.049871,1.076297,36,115,0,0,0,35+
156,5,1,1,1.01,35,0,0,3,1,35+
165,-1,1,1.076848,2.0156,35,0,0,1,0,35+
220,-1,1,1,1.01,33,0,0,1,1,31-35